{
  "random": {
    "accuracy": 0.6578947368421053,
    "ci": [
      0.5,
      0.8157894736842105
    ],
    "avg_tokens": 68.5
  },
  "best_fixed": {
    "accuracy": 0.9473684210526315,
    "ci": [
      0.868421052631579,
      1.0
    ],
    "avg_tokens": 5.105263157894737
  },
  "bandit": {
    "accuracy": 0.8947368421052632,
    "ci": [
      0.7894736842105263,
      0.9736842105263158
    ],
    "avg_tokens": 19.026315789473685
  },
  "reinforce": {
    "accuracy": 0.868421052631579,
    "ci": [
      0.7631578947368421,
      0.9736842105263158
    ],
    "avg_tokens": 124.47368421052632
  }
}